9-Dec-22,Avatar: The Way of Water,460000000,684075767,2319591720
23-Apr-19,Avengers: Endgame,400000000,858373000,2788912285
20-May-11,Pirates of the Caribbean: On Stranger Tides,379000000,241071802,1045713802
22-Apr-15,Avengers: Age of Ultron,365000000,459005868,1395316979
17-May-23,Fast X,340000000,145960660,714414470
16-Dec-15,Star Wars Ep. VII: The Force Awakens,306000000,936662225,2064615817
25-Apr-18,Avengers: Infinity War,300000000,678815482,2048359754
24-May-07,Pirates of the Caribbean: At World’s End,300000000,309420425,960996492
13-Nov-17,Justice League,300000000,229024295,655945209
28-Jun-23,Indiana Jones and the Dial of Destiny,300000000,174480468,381579529
11-Jul-23,Mission: Impossible Dead Reckoning Part One,290000000,172135383,566510846
18-Dec-19,Star Wars: The Rise of Skywalker,275000000,515202542,1072767997
23-May-18,Solo: A Star Wars Story,275000000,213767512,393151347
8-Nov-23,The Marvels,274800000,0,0
7-Mar-12,John Carter,263700000,73058679,282778100
23-Mar-16,Batman v Superman: Dawn of Justice,263000000,330360194,872395091
13-Dec-17,Star Wars Ep. VIII: The Last Jedi,262000000,620181382,1331635141
11-Jul-19,The Lion King,260000000,543638043,1646106779
24-Nov-10,Tangled,260000000,200821936,582440151
4-May-07,Spider-Man 3,258000000,336530303,894860230
9-Nov-22,Black Panther: Wakanda Forever,250000000,453829060,853985546
22-Apr-16,Captain America: Civil War,250000000,408084349,1151899586
3-May-23,Guardians of the Galaxy Vol 3,250000000,358995815,845468744
1-Jul-22,Thor: Love and Thunder,250000000,343256830,760928081
15-Jul-09,Harry Potter and the Half-Blood Prince,250000000,302089278,929411069
24-May-23,The Little Mermaid,250000000,298172056,568345048
12-Dec-13,The Hobbit: The Desolation of Smaug,250000000,258241522,959358436
10-Dec-14,The Hobbit: The Battle of the Five Armies,250000000,255119788,940323039
7-Apr-17,The Fate of the Furious,250000000,225764765,1235534014
29-Sep-21,No Time to Die,250000000,160891007,759959662
6-Oct-15,Spectre,245000000,200074175,879077344
17-Dec-09,Avatar,237000000,785221649,2923706026
28-Jun-06,Superman Returns,232000000,200120000,391081192
19-Jul-12,The Dark Knight Rises,230000000,448139099,1082228107
23-May-17,Pirates of the Caribbean: Dead Men Tell No Tales,230000000,172558876,794861794
14-Nov-08,Quantum of Solace,230000000,169368427,591692078
25-Apr-12,The Avengers,225000000,623357910,1515100211
6-Jul-06,Pirates of the Caribbean: Dead Man’s Chest,225000000,423315812,1066179725
14-Jun-13,Man of Steel,225000000,291045518,667999518
16-May-08,The Chronicles of Narnia: Prince Caspian,225000000,141621490,417341288
2-Jul-13,The Lone Ranger,225000000,89302115,260002115
27-Jun-12,The Amazing Spider-Man,220000000,262030663,757890267
11-Apr-12,Battleship,220000000,65233400,313477717
20-Jun-17,Transformers: The Last Knight,217000000,130168683,602893340
9-Jun-15,Jurassic World,215000000,652306625,1669963641
23-May-12,Men in Black 3,215000000,179020854,654213485
24-Jun-09,Transformers: Revenge of the Fallen,210000000,402111870,836519699
25-Jun-14,Transformers: Age of Extinction,210000000,245439076,1104054072
26-May-06,X-Men: The Last Stand,210000000,234362462,459260946
14-May-10,Robin Hood,210000000,105487148,322459006
14-Dec-05,King Kong,207000000,218080025,550517357
7-Dec-07,The Golden Compass,205000000,70107728,367262558
26-Aug-20,Tenet,205000000,58504105,360240189
20-Dec-23,Aquaman and the Lost Kingdom,205000000,0,0
14-Dec-21,Spider-Man: No Way Home,200000000,814115070,1907836254
13-Feb-18,Black Panther,200000000,700059566,1336494320
18-Dec-97,Titanic,200000000,674396795,2222985568
15-Jun-18,Incredibles 2,200000000,608581744,1242805359
14-Dec-16,Rogue One: A Star Wars Story,200000000,533539991,1055083596
16-Jun-16,Finding Dory,200000000,486295561,1025006125
20-Jun-19,Toy Story 4,200000000,434038008,1072817964
18-Jun-10,Toy Story 3,200000000,415004880,1068879522
4-May-22,Doctor Strange in the Multiverse of Madness,200000000,411331607,952224986
24-Apr-13,Iron Man 3,200000000,408992272,1215392272
28-Apr-17,Guardians of the Galaxy Vol 2,200000000,389813101,869087963
30-Jun-04,Spider-Man 2,200000000,373524485,794697557
1-Mar-22,The Batman,200000000,369345583,765950479
4-Mar-10,Alice in Wonderland,200000000,334191110,1025491110
26-Oct-12,Skyfall,200000000,304360277,1110526981
11-Dec-12,The Hobbit: An Unexpected Journey,200000000,303003568,1014938545
21-Jun-13,Monsters University,200000000,268488329,743455810
8-Mar-13,Oz the Great and Powerful,200000000,234770996,490359051
21-May-14,X-Men: Days of Future Past,200000000,233921534,747862775
15-Feb-23,Ant-Man and the Wasp: Quantumania,200000000,214506909,463635303
16-Apr-14,The Amazing Spider-Man 2,200000000,202853933,708996336
23-Jun-11,Cars 2,200000000,191450875,560155383
7-Jul-21,Black Widow,200000000,183651655,379751131
31-Jul-19,Fast & Furious Presents: Hobbs & Shaw,200000000,173956935,760732926
20-May-21,F9: The Fast Saga,200000000,173005945,719360510
17-Dec-10,Tron: Legacy,200000000,172062763,399866199
19-Oct-22,Black Adam,200000000,168152111,390323855
12-Nov-09,2012,200000000,166112167,757677748
3-Nov-21,Eternals,200000000,164870264,401731759
14-Nov-18,Fantastic Beasts: The Crimes of Grindelwald,200000000,159555901,648455339
14-Jun-23,Elemental,200000000,154426697,486930151
21-May-09,Terminator Salvation,200000000,125322469,365491792
15-Jun-22,Lightyear,200000000,118307188,218768299
28-Jul-21,Jungle Cruise,200000000,116987516,210469803
17-Jun-11,Green Lantern,200000000,116601172,219535492
13-Jun-23,The Flash,200000000,108133313,266516138
6-Apr-22,Fantastic Beasts: The Secrets of Dumbledore,200000000,95850844,404560145
28-May-10,Prince of Persia: Sands of Time,200000000,90759676,336359676
5-Jun-19,Dark Phoenix,200000000,65845974,246356895
28-Feb-20,Onward,200000000,61555145,133357601
19-Oct-22,Killers of the Flower Moon,200000000,53929037,120722636
16-Dec-20,Wonder Woman 1984,200000000,46801036,166360232
4-Sep-20,Mulan,200000000,0,69973540
2-Jul-21,The Tomorrow War,200000000,0,19220000
13-Jul-22,The Gray Man,200000000,0,451178
29-Jun-11,Transformers: Dark of the Moon,195000000,352390543,1123794079
6-Jun-23,Transformers: Rise of the Beasts,195000000,157066392,437669281
2-Jun-17,The Mummy,195000000,80101125,409953905
27-Feb-13,Jack the Giant Slayer,195000000,65187603,197687603
1-Apr-15,Furious 7,190000000,353007020,1511986364
16-May-13,Star Trek Into Darkness,190000000,228778661,467381584
19-Jun-13,World War Z,190000000,202706711,531861650
10-May-13,The Great Gatsby,190000000,144840419,353497733
6-Nov-09,Disney’s A Christmas Carol,190000000,137855863,315709697
11-Jul-13,Pacific Rim,190000000,101802906,411002906
16-Dec-21,The Matrix Resurrections,190000000,40463197,159197755
25-Nov-15,The Good Dinosaur,187500000,123087120,333771037
2-May-08,Iron Man,186000000,318604126,585171547
11-Jul-08,The Dark Knight,185000000,533720947,998725484
22-May-08,Indiana Jones and the Kingdom of the Crystal Skull,185000000,317101119,786635413
21-Jun-12,Brave,185000000,237282182,554606532
23-Feb-17,Kong: Skull Island,185000000,168052812,561072059
21-Jul-16,Star Trek Beyond,185000000,158848340,335673708
17-Oct-19,Maleficent: Mistress of Evil,185000000,113929605,489181357
29-Sep-17,Blade Runner 2049,185000000,92054159,257767797
25-Oct-19,Terminator: Dark Fate,185000000,62253077,250367666
28-Jul-21,The Suicide Squad,185000000,55817425,167097737
22-May-19,Aladdin,182000000,355559216,1046587513
25-Oct-17,Thor: Ragnarok,180000000,315058289,850482778
9-Dec-05,The Chronicles of Narnia: The Lion the Witch a…,180000000,291710957,720539572
28-May-14,Maleficent,180000000,241407328,758536735
14-Nov-16,Fantastic Beasts and Where to Find Them,180000000,234037575,811724385
27-Jun-08,WALL-E,180000000,223808164,532508025
10-Aug-07,Rush Hour 3,180000000,140125968,256585882
27-Jun-16,The Legend of Tarzan,180000000,126643061,348902025
23-Nov-11,Hugo,180000000,73864507,180047784
20-Jul-17,Valerian and the City of a Thousand Planets,180000000,40479370,215098356
6-Feb-15,Jupiter Ascending,179000000,47482519,181982519
16-Jul-18,Mission: Impossible—Fallout,178000000,220159104,786626183
18-May-16,X-Men: Apocalypse,178000000,155442489,542537546
9-Aug-18,The Meg,178000000,145443742,527267828
28-May-14,Edge of Tomorrow,178000000,100206256,367028980
6-Mar-19,Captain Marvel,175000000,426829839,1129576094
7-Apr-16,The Jungle Book,175000000,364001123,953535821
12-Jun-15,Inside Out,175000000,356461711,850566343
5-Jul-17,Spider-Man: Homecoming,175000000,334201140,878271291
2-Aug-16,Suicide Squad,175000000,325100054,745744980
28-May-09,Up,175000000,293004164,731463377
27-Oct-17,Coco,175000000,210460015,796514370
21-Nov-18,Ralph Breaks The Internet,175000000,201091711,529290830
27-Mar-09,Monsters vs. Aliens,175000000,198351526,381687380
16-Jun-17,Cars 3,175000000,152901115,383541369
7-Aug-09,G.I. Joe: The Rise of Cobra,175000000,150201498,302469017
30-Jun-99,Wild Wild West,175000000,113805681,221229335
1-Aug-08,The Mummy: Tomb of the Dragon Emperor,175000000,102491776,405760225
22-Jun-07,Evan Almighty,175000000,100289690,174131329
28-Jul-95,Waterworld,175000000,88246220,264246220
8-Jan-20,Dolittle,175000000,77047065,251509294
11-May-17,King Arthur: Legend of the Sword,175000000,39175066,139630336
6-Dec-13,47 Ronin,175000000,38362475,151716815
10-Mar-22,Turning Red,175000000,0,10872141
20-May-22,Top Gun: Maverick,170000000,718732821,1472587508
6-Jun-18,Jurassic World: Fallen Kingdom,170000000,417719760,1308323302
31-Jul-14,Guardians of the Galaxy,170000000,333714112,770882395
7-May-10,Iron Man 2,170000000,312433331,621156389
28-Mar-14,Captain America: The Winter Soldier,170000000,259746958,714401889
9-Jul-14,Dawn of the Planet of the Apes,170000000,208545589,710644566
10-Nov-04,The Polar Express,170000000,188042855,312183437
30-May-12,Snow White and the Huntsman,170000000,155136755,401021746
1-Jul-03,Terminator 3: Rise of the Machines,170000000,150358296,433058296
5-May-04,Van Helsing,170000000,120150546,300150546
27-Mar-19,Dumbo,170000000,114766307,353166307
29-May-19,Godzilla: King of the Monsters,170000000,110500138,383299914
20-May-15,Tomorrowland,170000000,93436322,206627518
1-Feb-19,Alita: Battle Angel,170000000,85838210,401900040
20-May-16,Alice Through the Looking Glass,170000000,77042381,276928112
1-Jun-22,Jurassic World: Dominion,165000000,376851080,1003700664
21-May-10,Shrek Forever After,165000000,238736787,756244673
24-Oct-16,Doctor Strange,165000000,232641920,676343174
25-Oct-14,Big Hero 6,165000000,222527828,647263005
26-Mar-10,How to Train Your Dragon,165000000,217581232,494870992
1-Nov-12,Wreck-It Ralph,165000000,189412677,496511521
5-Nov-14,Interstellar,165000000,188017894,647074146
15-Sep-21,Dune,165000000,108327830,391381375
22-Jun-16,Independence Day: Resurgence,165000000,103144286,384169424
29-Jul-11,Cowboys and Aliens,163000000,100368560,176038324
16-Mar-17,Beauty and the Beast,160000000,504014165,1268697483
27-Jun-19,Spider-Man: Far From Home,160000000,390532085,1132107522
6-Dec-18,Aquaman,160000000,335061807,1143758700
17-May-07,Shrek the Third,160000000,322719944,807330936
16-Jul-10,Inception,160000000,292576195,825793570
18-Nov-15,The Hunger Games: Mockingjay - Part 2,160000000,281723902,645890283
17-May-13,Fast and Furious 6,160000000,238679850,789300444
14-May-14,Godzilla,160000000,200676069,529076069
3-Jun-11,X-Men: First Class,160000000,146408305,355408305
25-Dec-08,The Curious Case of Benjamin Button,160000000,127509326,329631958
14-Jul-10,The Sorcerer's Apprentice,160000000,63150991,217986320
12-May-06,Poseidon,160000000,60674817,181674817
25-May-16,Warcraft,160000000,47365290,438899824
1-Nov-19,The Irishman,159000000,0,914706
26-Jul-23,Haunted Mansion,157750000,67653287,114813700
29-Sep-16,Deepwater Horizon,156000000,61433527,122359309
10-Dec-10,The Chronicles of Narnia: The Voyage of the Daw…,155000000,104386950,418186950
25-Mar-21,Godzilla vs. Kong,155000000,100916094,468043852
24-Jun-15,Terminator: Genisys,155000000,89760956,432150894
16-Mar-18,Pacific Rim: Uprising,155000000,59874525,290930148
24-Nov-04,Alexander,155000000,34297191,167297191
14-Jul-17,War for the Planet of the Apes,152000000,146880162,489592267
25-May-01,Pearl Harbor,151500000,198539855,449239853
19-Jul-23,Barbie,151000000,636048475,1441271205
28-Jun-07,Transformers,151000000,319246193,708272592
20-Nov-19,Frozen II,150000000,477373578,1453683476
29-May-17,Wonder Woman,150000000,412563408,817691766
22-Nov-13,Frozen,150000000,400953009,1277921175
10-Feb-16,Zootopia,150000000,341268248,1002462578
11-Jul-07,Harry Potter and the Order of the Phoenix,150000000,292137260,939619849
18-Nov-05,Harry Potter and the Goblet of Fire,150000000,290201752,886742787
15-May-03,The Matrix Reloaded,150000000,281553689,738576929
14-Dec-07,I am Legend,150000000,256393010,585532684
27-Jan-16,Moana,150000000,248757044,629645455
1-Jul-08,Hancock,150000000,227946274,624234272
1-Sep-21,Shang-Chi and the Legend of the Ten Rings,150000000,224543292,432224634
15-Jul-05,Charlie and the Chocolate Factory,150000000,206459076,475825484
29-Jun-07,Ratatouille,150000000,206445654,626549695
30-Oct-13,Thor: The Dark World,150000000,206362140,644602516
15-Jun-05,Batman Begins,150000000,205343774,356770593
29-Jul-15,Mission: Impossible—Rogue Nation,150000000,195042377,688858992
18-Jul-17,Dunkirk,150000000,190068280,512390011
29-Apr-11,Thor,150000000,181030624,449326618
7-Nov-08,Madagascar: Escape 2 Africa,150000000,180174880,599680774
1-May-09,X-Men Origins: Wolverine,150000000,179883157,374825760
22-May-09,Night at the Museum: Battle of the Smithsonian,150000000,177243721,402231063
26-May-11,Kung Fu Panda 2,150000000,165249063,664837547
14-May-15,Mad Max: Fury Road,150000000,153636354,369873869
3-May-19,Pokémon: Detective Pikachu,150000000,144105346,428919826
5-Nov-03,The Matrix Revolutions,150000000,139270910,427300260
20-Mar-18,Ready Player One,150000000,137690172,579055653
4-Nov-05,Chicken Little,150000000,135386665,310043823
5-May-06,Mission: Impossible III,150000000,133501348,399387745
15-May-09,Angels & Demons,150000000,133375846,490875846
13-May-04,Troy,150000000,133298577,483152040
1-Jul-10,The Last Airbender,150000000,131772187,319713881
2-Nov-07,Bee Movie,150000000,126631277,287594577
24-Jul-09,G-Force,150000000,119436770,292817841
21-Nov-08,Bolt,150000000,114053579,328015029
24-Nov-21,Encanto,150000000,96093622,230962269
2-Mar-23,Dungeons & Dragons: Honor Among Thieves,150000000,93277026,207582323
28-Mar-12,Wrath of the Titans,150000000,83670083,305270083
16-Nov-07,Beowulf,150000000,82280579,195080579
9-May-12,Dark Shadows,150000000,79727149,245564215
28-Jun-13,White House Down,150000000,73103784,205440387
14-Jul-21,Space Jam: A New Legacy,150000000,70592228,143987946
12-Feb-10,The Wolfman,150000000,62189884,142634358
15-Dec-16,The Great Wall,150000000,45157105,334486852
25-Sep-15,Pan,150000000,35088320,151525973
11-Mar-11,Mars Needs Moms,150000000,21392758,39549758
3-Feb-22,Moonfall,150000000,19060660,59053195
4-Nov-21,Red Notice,150000000,0,173638
13-Dec-19,6 Underground,150000000,0,0
3-Nov-06,Flushed Away,149000000,64665672,179357126
8-Jun-12,Madagascar 3: Europe's Most Wanted,145000000,216391482,746921271
14-Dec-11,Mission: Impossible—Ghost Protocol,145000000,209397903,694713230
5-Jun-14,How to Train Your Dragon 2,145000000,177002924,614586270
16-Jun-99,Tarzan,145000000,171091819,448191819
20-Feb-14,Mr. Peabody & Sherman,145000000,111506430,269806430
20-Nov-12,Rise of the Guardians,145000000,103412758,306941670
8-Apr-05,Sahara,145000000,68671925,121645390
13-Jul-16,Ghostbusters,144000000,128350574,229008658
22-Nov-02,Die Another Day,142000000,160942139,431942139
9-Jul-03,Pirates of the Caribbean: The Curse of the Blac…,140000000,305410819,654310819
8-May-09,Star Trek,140000000,257730019,386839614
1-Jul-98,Armageddon,140000000,201578182,554600000
3-Jul-02,Men in Black 2,140000000,190418803,441767803
22-Jul-11,Captain America: The First Avenger,140000000,176654505,370569776
23-Jan-16,Kung Fu Panda 3,140000000,143528619,521170825
10-Jul-98,Lethal Weapon 4,140000000,130444603,285400000
27-Mar-13,G.I. Joe: Retaliation,140000000,122523060,375740705
5-Dec-03,The Last Samurai,140000000,111110575,456810575
21-Dec-05,Fun With Dick And Jane,140000000,110550000,203018919
5-Dec-14,Exodus: Gods and Kings,140000000,65014513,268314513
30-Jun-16,The BFG,140000000,55483770,199646680
3-Oct-19,Gemini Man,140000000,48546770,166598362
24-Feb-16,Gods of Egypt,140000000,31153464,138836756
Unknown,Desert Warrior,140000000,0,0
3-May-02,Spider-Man,139000000,403706375,821706375
6-Mar-09,Watchmen,138000000,107509799,186976250
29-Jul-05,Stealth,138000000,32116746,76416746
13-Jun-08,The Incredible Hulk,137500000,134806913,265573859
20-Jun-03,Hulk,137000000,132177234,245031679
11-Jul-01,Final Fantasy: The Spirits Within,137000000,32131830,85131830
14-Nov-12,The Twilight Saga: Breaking Dawn Part 2,136200000,292324737,829724737
15-Mar-13,The Croods,135000000,187168425,573068425
25-Dec-15,The Revenant,135000000,183637894,532938302
19-Nov-99,The World is Not Enough,135000000,126930660,361730660
4-Mar-11,Rango,135000000,123477607,245724600
14-Nov-03,Master and Commander: The Far Side of the World,135000000,93926386,212912137
17-Jul-13,Turbo,135000000,83028130,286896578
2-Jun-16,Teenage Mutant Ninja Turtles: Out of the Shadows,135000000,82051601,245328374
18-Nov-11,Happy Feet Two,135000000,64006466,157956462
28-Jul-06,Miami Vice,135000000,63478838,164920076
22-Nov-22,Strange World,135000000,37968963,69579689
31-Oct-18,The Nutcracker and the Four Realms,132900000,54858851,170024300
24-Jun-05,War of the Worlds,132000000,234280354,606836535
26-Nov-14,Penguins of Madagascar,132000000,83350911,366942531
15-Nov-13,The Hunger Games: Catching Fire,130000000,424668047,864808014
31-May-04,Harry Potter and the Prisoner of Azkaban,130000000,249757726,783227178
3-Aug-07,The Bourne Ultimatum,130000000,227471070,444043396
3-Jul-18,Ant-Man and the Wasp,130000000,216648740,623144660
6-Jun-08,Kung Fu Panda,130000000,215434591,631910531
14-Jul-15,Ant-Man,130000000,180202163,518858449
19-Mar-15,Home,130000000,177397510,385997896
19-Dec-18,Mary Poppins Returns,130000000,171958438,348901032
28-Oct-11,Puss in Boots,130000000,149260504,554987477
5-Nov-10,Megamind,130000000,148415853,321887208
18-Jul-03,Bad Boys II,130000000,138540870,273271982
20-Mar-14,Rio 2,130000000,131538435,492846291
23-Jul-10,Salt,130000000,118311368,290650494
27-Mar-14,Noah,130000000,101200044,352831065
28-Oct-11,The Adventures of Tintin,130000000,77591831,373993951
31-May-13,After Earth,130000000,60522097,251499665
26-Nov-08,Australia,130000000,49554002,215080810
19-Jul-13,R.I.P.D.,130000000,33618855,79076678
3-Jan-19,How to Train Your Dragon: The Hidden World,129000000,160799505,521595422
29-Jul-23,Meg 2: The Trench,129000000,82600317,394266444
18-Nov-11,The Twilight Saga: Breaking Dawn Part 1,127500000,281287133,684436752
19-May-00,Dinosaur,127500000,137748063,356148063
23-Feb-17,Logan,127000000,226277068,614202315
18-Dec-14,Night at the Museum: Secret of the Tomb,127000000,113746621,353756621
13-Jul-11,Harry Potter and the Deathly Hallows: Part II,125000000,381193157,1313548963
19-Nov-14,The Hunger Games: Mockingjay - Part 1,125000000,337135885,766575131
15-Nov-01,Harry Potter and the Sorcerer’s Stone,125000000,317871467,963667273
4-Dec-19,Jumanji: The Next Level,125000000,316831246,798210215
17-Nov-10,Harry Potter and the Deathly Hallows: Part I,125000000,296131568,951032438
19-May-06,The Da Vinci Code,125000000,217536138,767820459
30-Apr-03,X-Men 2,125000000,214949694,406348630
21-Apr-11,Fast Five,125000000,210031325,629975898
8-Aug-14,Teenage Mutant Ninja Turtles,125000000,191204754,485004754
16-Dec-11,Sherlock Holmes: A Game of Shadows,125000000,186848418,535663443
27-May-04,The Day After Tomorrow,125000000,186740799,555840117
17-Mar-17,The Boss Baby,125000000,175003033,527909949
1-Apr-10,Clash of the Titans,125000000,163214888,493214888
12-Oct-16,Trolls,125000000,153707064,343242613
19-May-98,Godzilla,125000000,136314294,376000000
30-May-12,Prometheus,125000000,126477084,402448265
10-Aug-12,The Bourne Legacy,125000000,113203870,280355920
20-Jun-97,Batman & Robin,125000000,107325195,238317814
5-Jul-18,Skyscraper,125000000,68420120,304858121
3-Jan-20,The Call of the Wild,125000000,62342368,107351191
3-Aug-12,Total Recall,125000000,58877969,211856088
15-Mar-23,Shazam! Fury of the Gods,125000000,57638006,132192362
21-Dec-16,Assassin’s Creed,125000000,54647948,240759682
29-Dec-16,Monster Trucks,125000000,33370166,61642798
27-Aug-99,The 13th Warrior,125000000,32698899,61698899
6-Dec-23,Wonka,125000000,0,0
17-Nov-00,How the Grinch Stole Christmas,123000000,260348825,345445403
24-May-00,Mission: Impossible 2,120000000,215409889,549588516
30-Jun-00,The Perfect Storm,120000000,182618434,328711434
20-Jul-16,Jason Bourne,120000000,162192920,416168316
10-Feb-22,Uncharted,120000000,148648820,400689914
15-Jun-07,Fantastic Four: Rise of the Silver Surfer,120000000,131921738,289480691
21-Nov-12,Life of Pi,120000000,124987022,619310368
16-Feb-07,Ghost Rider,120000000,115802596,229545589
9-Apr-18,Rampage,120000000,101028233,427947217
27-Jun-03,Charlie's Angels: Full Throttle,120000000,100814328,227163273
9-Aug-13,Elysium,120000000,93050117,286192091
19-Apr-13,Oblivion,120000000,89107235,287916633
24-Mar-17,Power Rangers,120000000,85364450,142531552
16-Aug-23,Blue Beetle,120000000,72488072,128776673
19-Jul-02,Stuart Little 2,120000000,64956806,166000000
12-Feb-14,RoboCop,120000000,58607007,242981799
11-Jun-04,The Chronicles of Riddick,120000000,57712751,107212751
5-Aug-15,The Fantastic Four,120000000,56117548,167849187
9-May-08,Speed Racer,120000000,43945766,93394462
22-Jul-05,The Island,120000000,35818913,163018913
17-Dec-10,How Do You Know?,120000000,30212620,49628177
9-Nov-18,Outlaw King,120000000,0,0
2-Dec-22,Emancipation,120000000,0,0
23-Jun-10,Knight and Day,117000000,76423035,258751370
25-Jan-21,Tang Ren Jie Tan An 3,117000000,0,699072066
2-Oct-18,Venom,116000000,213511408,856081053
19-May-99,Star Wars Ep. I: The Phantom Menace,115000000,474544677,1027044677
19-May-05,Star Wars Ep. III: Revenge of the Sith,115000000,380270577,848998877
16-May-02,Star Wars Ep. II: Attack of the Clones,115000000,310676740,656695615
2-Nov-01,Monsters Inc.,115000000,290149425,560483719
26-Jul-13,The Wolverine,115000000,132556852,416456852
7-Feb-97,Dante’s Peak,115000000,67163857,178200000
6-Apr-16,The Huntsman: Winter’s War,115000000,48003015,165149302
14-Jun-02,Windtalkers,115000000,40914068,77628265
6-Mar-19,Triple Frontier,115000000,0,0
4-Jul-08,Astérix aux Jeux Olympiques,113500000,999811,132999811
24-Dec-10,Gulliver's Travels,112000000,42779261,232017848
8-Dec-17,Ferdinand,111000000,84410380,288510892
11-May-18,Deadpool 2,110000000,324591735,786362370
3-Oct-13,Gravity,110000000,274092705,684657731
22-Dec-06,Night at the Museum,110000000,250863268,579446407
30-Sep-21,Venom: Let There be Carnage,110000000,213550366,501546922
10-Jun-05,Mr. and Mrs. Smith,110000000,186336279,486124090
27-May-15,San Andreas,110000000,155190832,456258539
29-Jul-11,The Smurfs,110000000,142614158,563749323
27-Jun-07,Live Free or Die Hard,110000000,134529403,382288147
18-Mar-15,The Divergent Series: Insurgent,110000000,130179072,295075882
10-Dec-04,Ocean's Twelve,110000000,125531634,362989076
19-Dec-97,Tomorrow Never Dies,110000000,125304276,339504276
28-Jun-00,The Patriot,110000000,113330342,215300000
7-Mar-14,300: Rise of an Empire,110000000,106580051,330780051
17-Dec-04,The Aviator,110000000,102608827,208370892
21-Dec-16,Passengers,110000000,100014699,302239672
14-Jan-11,The Green Hornet,110000000,98780042,229155503
21-Sep-16,Miss Peregrine’s Home for Peculiar Children,110000000,87242834,295986876
7-Oct-11,Real Steel,110000000,85463309,263880341
12-Jun-19,Men in Black: International,110000000,80001807,254310003
11-Jun-10,The A-Team,110000000,77222099,177241171
31-Jul-13,The Smurfs 2,110000000,71017784,348547523
9-Mar-16,The Divergent Series: Allegiant,110000000,66184051,172022517
12-Jun-09,The Taking of Pelham 123,110000000,65452312,152364370
25-Oct-13,Ender’s Game,110000000,61737191,127983283
2-Apr-04,Home on the Range,110000000,50026353,76482461
1-Jan-97,Speed 2: Cruise Control,110000000,48097081,150468000
6-May-05,Kingdom of Heaven,110000000,47398413,218674938
23-Mar-17,Ghost in the Shell,110000000,40563557,167910690
16-Jun-04,Around the World in 80 Days,110000000,24004159,72004159
23-Dec-22,Babylon,110000000,15351455,63229538
21-Nov-03,Dr. Seuss’ The Cat in the Hat,109000000,101018283,133818283
25-Dec-01,Ali,109000000,58183966,87683966
30-Sep-15,The Martian,108000000,228433663,653609107
20-Nov-16,Allied,106000000,40098064,119266661
16-Jul-04,I Robot,105000000,144801023,348629585
17-Dec-99,Stuart Little,105000000,140015224,298815224
25-Nov-09,The Princess and the Frog,105000000,104400899,270997378
7-Mar-08,10000 B.C.,105000000,94784201,269065678
1-Jul-16,Ice Age: Collision Course,105000000,64063008,402156682
7-Nov-97,Starship Troopers,105000000,54768952,121100000
27-Apr-01,Town & Country,105000000,6712451,10364769
19-Sep-17,Kingsman: The Golden Circle,104000000,100234838,408803696
9-Jun-00,Gone in 60 Seconds,103300000,101643008,232643008
4-May-00,Gladiator,103000000,187683805,451683599
23-May-13,The Hangover 3,103000000,112200072,362000072
9-Mar-18,A Wrinkle in Time,103000000,100478608,133214549
1-Jul-09,Public Enemies,102500000,97104620,212282709
17-Nov-06,Casino Royale,102000000,167365000,594420216
21-Jun-02,Minority Report,102000000,132024714,358824714
13-Dec-18,Bumblebee,102000000,127195589,465195589
26-Oct-12,Cloud Atlas,102000000,27108272,130673154
4-Apr-23,The Super Mario Bros. Movie,100000000,574934330,1361654356
31-May-23,Spider-Man: Across the Spider-Verse,100000000,381311319,682977332
19-Jul-23,Oppenheimer,100000000,325103565,948050979
15-Nov-02,Harry Potter and the Chamber of Secrets,100000000,262233381,874954228
2-Jul-91,Terminator 2: Judgment Day,100000000,203464105,515361524
22-Mar-23,John Wick: Chapter 4,100000000,187131806,432710881
16-Jun-95,Batman Forever,100000000,184031112,336529144
27-Jul-01,Planet of the Apes,100000000,180011740,362211740
19-Nov-04,National Treasure,100000000,173005002,331323410
25-Dec-12,Django Unchained,100000000,162805434,449841566
25-Dec-19,1917,100000000,159227644,389140440
22-Dec-10,Little Fockers,100000000,148438600,310650574
15-Jul-94,True Lies,100000000,146282411,365300000
2-Nov-07,American Gangster,100000000,130164645,267985456
18-Sep-09,Cloudy with a Chance of Meatballs,100000000,124870275,236827677
6-Aug-10,The Other Guys,100000000,119219978,170936470
17-Dec-04,Lemony Snicket's A Series of Unfortunate Events,100000000,118627117,212956024
25-Dec-13,The Wolf of Wall Street,100000000,116949183,389816136
24-May-13,Epic,100000000,107518682,262794441
21-Jun-96,Eraser,100000000,101295562,234400000
21-Jun-96,The Hunchback of Notre Dame,100000000,100138851,325500000
15-Dec-00,The Emperor's New Groove,100000000,89630573,169630573
15-Aug-12,The Expendables 2,100000000,85028192,311979256
16-Oct-09,Where the Wild Things Are,100000000,77233467,99123656
15-Dec-06,Eragon,100000000,75030163,249488115
23-Jul-14,Hercules,100000000,72688614,243388614
10-Dec-10,The Tourist,100000000,67631157,278731369
24-Nov-99,End of Days,100000000,66889043,212026975
25-Dec-19,Spies in Disguise,100000000,66757013,165124093
11-Jun-04,The Stepford Wives,100000000,59475623,96150482
8-Jun-07,Surf’s Up,100000000,58867694,145395745
8-Dec-06,Blood Diamond,100000000,57377916,171377916
7-Nov-19,Midway,100000000,56846802,126815030
24-Sep-10,Legend of the Guardians: The Owls of Ga'Hoole,100000000,55675313,139716717
17-Jun-77,The Deep,100000000,50681884,50681884
5-Jun-09,Land of the Lost,100000000,49438370,69548641
18-Dec-03,Peter Pan,100000000,48417850,95255485
15-Mar-19,Wonder Park,100000000,45216793,115103325
23-Jul-04,Catwoman,100000000,40202379,82078046
14-Aug-14,The Expendables 3,100000000,39322544,209461378
8-Dec-21,West Side Story,100000000,38530322,74826329
27-Nov-02,Treasure Planet,100000000,38120554,91800000
22-Dec-21,The King’s Man,100000000,37176373,121125300
12-Mar-10,Green Zone,100000000,35497337,97523020
13-Oct-17,Geostorm,100000000,33700160,220796009
2-Dec-15,Point Break,100000000,28782481,126704591
17-Dec-19,Cats,100000000,27166770,75568568
26-Nov-15,In the Heart of the Sea,100000000,25020758,89693309
18-Apr-14,Transcendence,100000000,23022309,103039258
18-Feb-05,Son of the Mask,100000000,17018422,59918422
15-Sep-23,Expend4bles,100000000,16710153,51027348
5-Dec-18,Mortal Engines,100000000,15951040,85481904
3-Feb-21,Chaos Walking,100000000,13287908,27072169
13-Oct-21,The Last Duel,100000000,10853945,30080003
16-Aug-02,The Adventures of Pluto Nash,100000000,4411102,7094995
20-Jan-12,Jin líng shí san chai,100000000,311434,98227017
9-Dec-20,The Midnight Sky,100000000,0,75615
12-Jun-20,Artemis Fowl,100000000,0,0
5-Nov-15,The Peanuts Movie,99000000,130178411,250091610
6-Feb-19,The LEGO Movie 2: The Second Part,99000000,105806508,190131035
21-Nov-18,Robin Hood,99000000,30824628,85210012
4-May-01,The Mummy Returns,98000000,202007640,435040395
14-Nov-19,Ford v. Ferrari,97600000,117624357,224390706
20-Dec-02,Gangs of New York,97000000,77730500,183124621
4-May-17,Alien: Covenant,97000000,74262031,238521247
6-Mar-15,Cinderella,95000000,201151353,542351353
27-Jun-12,Ice Age: Continental Drift,95000000,161321843,879765137
28-Dec-01,Black Hawk Down,95000000,108638745,159691085
27-May-10,Sex and the City 2,95000000,95347692,294680778
12-Feb-10,Percy Jackson & the Olympians: The Lightning Thief,95000000,88768303,223050874
10-Aug-12,The Campaign,95000000,86907746,104907746
12-Nov-10,Unstoppable,95000000,81562942,165720921
9-May-97,The Fifth Element,95000000,63570862,263892820
31-Mar-00,The Road to El Dorado,95000000,50802661,65700000
11-Dec-09,The Lovely Bones,95000000,44114232,94894448
30-Jun-16,Ben-Hur,95000000,26410477,91669648
19-Dec-14,Seventh Son,95000000,17725785,108874967
30-May-03,Finding Nemo,94000000,380529370,936094852
17-Dec-03,The Lord of the Rings: The Return of the King,94000000,379021990,1121386981
18-Dec-02,The Lord of the Rings: The Two Towers,94000000,342548984,919148764
15-Jun-01,Lara Croft: Tomb Raider,94000000,131144183,273330185
29-Jan-15,Kingsman: The Secret Service,94000000,128261724,404561724
19-Dec-01,The Lord of the Rings: The Fellowship of the Ring,93000000,315544750,891210039
18-Jul-01,Jurassic Park III,93000000,181166115,365900000
5-Aug-11,Rise of the Planet of the Apes,93000000,176760185,470986200
14-Feb-08,The Spiderwick Chronicles,92500000,71195053,162839667
22-Oct-04,The Incredibles,92000000,261441092,631441092
6-Feb-13,A Good Day to Die Hard,92000000,67349198,304249198
9-Apr-04,The Alamo,92000000,22406362,23911362
22-Dec-95,Cutthroat Island,92000000,10017322,18517322
19-Dec-13,The Secret Life of Walter Mitty,91000000,58236838,187861183
20-Dec-17,Jumanji: Welcome to the Jungle,90000000,404508916,961632807
1-Jul-97,Men in Black,90000000,250690539,587790539
19-Nov-99,Toy Story 2,90000000,245852179,511358276
3-Aug-01,Rush Hour 2,90000000,226164286,347425832
25-Dec-09,Sherlock Holmes,90000000,209028679,498438212
15-Jan-20,Bad Boys For Life,90000000,204417855,424471663
1-Jul-09,Ice Age: Dawn of the Dinosaurs,90000000,196573705,886686817
30-Mar-22,Sonic the Hedgehog 2,90000000,190872904,405421518
12-Dec-18,Spider-Man: Into The Spider-Verse 3D,90000000,190173195,375464627
2-Dec-22,Puss in Boots: The Last Wish,90000000,185535345,484647065
21-Jul-00,What Lies Beneath,90000000,155464351,288693989
13-Feb-20,Sonic The Hedgehog,90000000,146066470,302536124
7-Apr-11,Rio,90000000,143619809,487517241
24-Jul-19,Once Upon a Time…in Hollywood,90000000,142502728,377426903
6-Oct-06,The Departed,90000000,132384315,289660619
3-Nov-00,Charlie's Angels,90000000,125305545,259736090
19-Jun-98,Mulan,90000000,120620254,303500000
13-Aug-08,Tropic Thunder,90000000,110515313,191145256
20-Dec-11,The Girl with the Dragon Tattoo,90000000,102515793,239373970
11-Jul-97,Contact,90000000,100920329,165900000
6-Jun-08,You Don't Mess With the Zohan,90000000,100018837,202910991
19-May-95,Die Hard: With a Vengeance,90000000,100012499,366101666
27-Jul-22,DC League of Super Pets,90000000,93657117,203891589
12-Sep-16,The Magnificent Seven,90000000,93432655,162122642
18-Dec-15,Alvin and the Chipmunks: The Road Chip,90000000,85886987,249517956
8-Jun-01,Atlantis: The Lost Empire,90000000,84052762,186049020
25-Dec-08,Valkyrie,90000000,83107829,203932174
16-Jul-15,Pixels,90000000,78765986,244041804
29-Jun-01,Artificial Intelligence: AI,90000000,78616689,235900000
26-Nov-03,The Haunted Mansion,90000000,75817994,155750628
4-Aug-00,Hollow Man,90000000,73209340,191200000
22-Apr-05,The Interpreter,90000000,72708161,162753837
7-Aug-13,Percy Jackson: Sea of Monsters,90000000,68559554,200859554
25-Jul-03,Lara Croft: Tomb Raider: The Cradle of Life,90000000,65653758,157092943
27-May-16,Now You See Me 2,90000000,65075540,328325007
21-Nov-01,Spy Game,90000000,62362560,143049560
4-Apr-97,The Saint,90000000,61363304,169400000
10-Mar-00,Mission to Mars,90000000,60874615,106000000
6-Mar-18,Tomb Raider,90000000,58250803,273477501
17-Dec-99,Bicentennial Man,90000000,58220776,87420776
7-Jul-04,King Arthur,90000000,51877963,203653524
25-Apr-97,Volcano,90000000,47546796,120100000
9-Feb-22,Death on the Nile,90000000,45630104,130298184
26-Mar-97,The Devil's Own,90000000,42885593,140900000
19-Jul-02,K-19: The Widowmaker,90000000,35168966,65716126
19-Aug-11,Conan the Barbarian,90000000,21295021,63356133
21-Oct-11,The Three Musketeers,90000000,20377913,139877913
21-Apr-17,The Promise,90000000,8224288,10551417
24-Nov-10,The Nutcracker in 3D,90000000,195459,20466016
13-Dec-17,Bright,90000000,0,0
14-May-21,Army of the Dead,90000000,0,0
10-May-96,Twister,88000000,241688385,495700000
3-Jun-05,Cinderella Man,88000000,61649911,105021488
11-Sep-18,The Predator,88000000,51024708,159487563
21-Jul-21,Snake Eyes: G.I. Joe Origins,88000000,28264325,34677221
8-Jul-05,Fantastic Four,87500000,154696080,333132750
9-Feb-01,Hannibal,87000000,165092266,350100280
6-Apr-23,Renfield,86203077,17152625,26729077
25-Jul-03,Seabiscuit,86000000,120277854,148715342
14-Jul-22,Bullet Train,85900000,103368602,238534963
14-Aug-20,Project Power,85100000,0,0
22-Dec-00,Cast Away,85000000,233632142,427230516
17-Nov-06,Happy Feet,85000000,198000317,385000315
7-Dec-01,Ocean's Eleven,85000000,183417150,450728529
23-Jul-04,The Bourne Supremacy,85000000,176087450,311001124
25-Jul-97,Air Force One,85000000,172956409,315268353
1-Dec-21,Sing 2,85000000,162790990,404534105
2-Apr-09,Fast & Furious,85000000,155064265,359347833
14-Mar-08,Horton Hears a Who,85000000,154529439,299477886
22-Jun-22,Elvis,85000000,151040048,279562529
21-Mar-14,Divergent,85000000,150947895,276014965
27-Sep-12,Hotel Transylvania,85000000,148313048,378119469